{
  "backend": {
    "throughput": [
      {
        "concurrency": 100,
        "requestsPerConnection": 100,
        "totalRequests": 10000,
        "successful": 0,
        "failed": 10000,
        "successRate": 0,
        "rps": 1879.3459875963165,
        "latency": {
          "min": 10.792437000000064,
          "max": 202.14329499999985,
          "avg": 50.25654353159998,
          "p95": 92.44644300000027,
          "p99": 130.61747000000003
        },
        "totalDuration": 5321
      }
    ],
    "rules": {
      "single": {
        "label": "单条规则",
        "iterations": 1000,
        "latency": {
          "min": 0.00046099999963189475,
          "max": 1.6047200000002704,
          "avg": 0.002965541999989,
          "p50": 0.0009520000003249152,
          "p95": 0.0015219999995679245,
          "p99": 0.004367999999885797
        },
        "throughput": 337206.48704476596
      },
      "multiple": {
        "label": "3条规则",
        "iterations": 1000,
        "latency": {
          "min": 0.0008010000001377193,
          "max": 0.18927999999959866,
          "avg": 0.00143899699999929,
          "p50": 0.0011230000000068685,
          "p95": 0.001502999999502208,
          "p99": 0.0021740000001955195
        },
        "throughput": 694928.4814356759
      }
    },
    "database": {
      "singleWrite": {
        "label": "单条写入",
        "iterations": 20,
        "latency": {
          "min": 31.0240330000006,
          "max": 130.84151799999927,
          "avg": 48.37039074999998,
          "p95": 130.84151799999927,
          "p99": 130.84151799999927
        },
        "databaseInfo": {
          "path": "/home/ekko.bao/.local/promptxy/promptxy.db",
          "size": 2998272,
          "recordCount": 126
        }
      }
    }
  }
}