{
  "backend": {
    "throughput": [
      {
        "concurrency": 100,
        "requestsPerConnection": 100,
        "totalRequests": 10000,
        "successful": 0,
        "failed": 10000,
        "successRate": 0,
        "rps": 1593.879502709595,
        "latency": {
          "min": 6.508902999999918,
          "max": 264.308409,
          "avg": 60.194503595599926,
          "p95": 126.38749899999993,
          "p99": 235.02244199999996
        },
        "totalDuration": 6274
      }
    ],
    "rules": {
      "single": {
        "label": "单条规则",
        "iterations": 1000,
        "latency": {
          "min": 0.0009410000002390007,
          "max": 3.3145559999993566,
          "avg": 0.00680695700000615,
          "p50": 0.0009719999998196727,
          "p95": 0.0011819999999715947,
          "p99": 0.0019840000004478497
        },
        "throughput": 146908.52314758216
      },
      "multiple": {
        "label": "3条规则",
        "iterations": 1000,
        "latency": {
          "min": 0.0011219999996683327,
          "max": 15.743894000000182,
          "avg": 0.02318010599997524,
          "p50": 0.001142999999501626,
          "p95": 0.0012329999999565189,
          "p99": 0.0018439999994370737
        },
        "throughput": 43140.44120424074
      }
    },
    "database": {
      "singleWrite": {
        "label": "单条写入",
        "iterations": 20,
        "latency": {
          "min": 30.118539999999484,
          "max": 117.23578300000008,
          "avg": 57.1605824499999,
          "p95": 117.23578300000008,
          "p99": 117.23578300000008
        },
        "databaseInfo": {
          "path": "/home/ekko.bao/.local/promptxy/promptxy.db",
          "size": 2998272,
          "recordCount": 176
        }
      }
    }
  },
  "frontend": {
    "rendering": {
      "simple": {
        "label": "简单组件",
        "iterations": 20,
        "latency": {
          "min": 0.0004109999990760116,
          "max": 0.0043880000011995435,
          "avg": 0.000854550000076415,
          "p95": 0.0043880000011995435,
          "p99": 0.0043880000011995435
        }
      },
      "list100": {
        "label": "列表(100项)",
        "iterations": 5,
        "latency": {
          "min": 0.08694499999910477,
          "max": 1.7574079999994865,
          "avg": 0.4622455999997328,
          "p95": 1.7574079999994865,
          "p99": 1.7574079999994865
        }
      }
    },
    "state": {
      "simple": {
        "label": "简单更新",
        "iterations": 20,
        "latency": {
          "min": 0.0002300000014656689,
          "max": 0.0066520000000309665,
          "avg": 0.0014416000002711372
        }
      }
    }
  }
}
